track_id,artists,album_name,track_name,popularity,duration_ms,explicit,danceability,energy,key,loudness,mode,speechiness,acousticness,instrumentalness,liveness,valence,tempo,time_signature,track_genre,album_art
s_birds_of_a_feather,Billie Eilish,HIT ME HARD AND SOFT,BIRDS OF A FEATHER,98,196000,False,0.74,0.5,2,-8.2,1,0.035,0.2,0.0,0.11,0.44,105.0,4,pop,https://is1-ssl.mzstatic.com/image/thumb/Music211/v4/92/9f/69/929f69f1-9977-3a44-d674-11f70c852d1b/24UMGIM36186.rgb.jpg/600x600bb.jpg
3456789012abcdef,The Weeknd,After Hours,Blinding Lights,98,200000,False,0.51,0.73,1,-5.9,1,0.06,0.001,0.0001,0.09,0.33,171.0,4,trending,https://is1-ssl.mzstatic.com/image/thumb/Music125/v4/6f/bc/e6/6fbce6c4-c38c-72d8-4fd0-66cfff32f679/20UMGIM12176.rgb.jpg/600x600bb.jpg
s_good_luck_babe,Chappell Roan,"Good Luck, Babe!","Good Luck, Babe!",97,218000,False,0.7,0.73,11,-5.6,0,0.038,0.04,0.0,0.12,0.78,117.0,4,pop,https://is1-ssl.mzstatic.com/image/thumb/Music221/v4/29/a7/c4/29a7c478-351d-25eb-a116-3e68118cdab8/24UMGIM31246.rgb.jpg/600x600bb.jpg
s_not_like_us_kl,Kendrick Lamar,Not Like Us,Not Like Us,97,274000,True,0.89,0.47,1,-7.0,1,0.08,0.01,0.0,0.29,0.46,101.0,4,hip-hop,https://is1-ssl.mzstatic.com/image/thumb/Music221/v4/31/3a/3f/313a3fbc-bb8f-80c7-b5a2-e226869a38cd/24UMGIM51924.rgb.jpg/600x600bb.jpg
s_please_please_please,Sabrina Carpenter,Short n' Sweet,Please Please Please,97,186000,True,0.72,0.61,9,-5.8,1,0.045,0.28,0.0,0.1,0.69,133.0,4,pop,https://is1-ssl.mzstatic.com/image/thumb/Music221/v4/c9/a3/e9/c9a3e987-3952-a6ac-7975-680f2033e660/25UMGIM10586.rgb.jpg/600x600bb.jpg
s_shape_of_you,Ed Sheeran,÷ (Divide),Shape of You,97,233000,False,0.82,0.65,1,-3.2,0,0.08,0.58,0.0,0.09,0.93,96.0,4,pop,https://is1-ssl.mzstatic.com/image/thumb/Music115/v4/15/e6/e8/15e6e8a4-4190-6a8b-86c3-ab4a51b88288/190295851286.jpg/600x600bb.jpg
s_a_bar_song_tipsy,Shaboozey,"Where I've Been, Isn't Where I'm Going",A Bar Song (Tipsy),96,171000,True,0.72,0.71,9,-5.4,1,0.03,0.15,0.0,0.08,0.64,148.0,4,pop,https://is1-ssl.mzstatic.com/image/thumb/Music221/v4/be/db/81/bedb81c3-ca23-a1b9-f275-59e46ae4fdb1/197342625517_cover.jpg/600x600bb.jpg
s_as_it_was_02,Harry Styles,Harry's House,As It Was,96,167000,False,0.52,0.73,6,-5.3,1,0.05,0.34,0.001,0.11,0.66,174.0,4,trending,https://is1-ssl.mzstatic.com/image/thumb/Music126/v4/2a/19/fb/2a19fb85-2f70-9e44-f2a9-82abe679b88e/886449990061.jpg/600x600bb.jpg
s_bohemian_rhapsody,Queen,A Night at the Opera,Bohemian Rhapsody,96,354000,False,0.41,0.4,10,-10.0,0,0.05,0.27,0.0,0.3,0.22,72.0,4,rock,https://is1-ssl.mzstatic.com/image/thumb/Music115/v4/4d/08/2a/4d082a9e-7898-1aa1-a02f-339810058d9e/14DMGIM05632.rgb.jpg/600x600bb.jpg
s_cruel_summer_15,Taylor Swift,Lover,Cruel Summer,96,178000,False,0.55,0.7,9,-5.7,1,0.15,0.11,0.0,0.11,0.58,170.0,4,pop,https://is1-ssl.mzstatic.com/image/thumb/Music125/v4/49/3d/ab/493dab54-f920-9043-6181-80993b8116c9/19UMGIM53909.rgb.jpg/600x600bb.jpg
s_die_with_a_smile,"Lady Gaga, Bruno Mars",Die With A Smile,Die With A Smile,96,251000,False,0.53,0.66,6,-5.8,1,0.03,0.31,0.0,0.12,0.52,105.0,4,romantic,https://is1-ssl.mzstatic.com/image/thumb/Music221/v4/11/ae/f2/11aef294-f57c-bab9-c9fc-529162984e62/24UMGIM85348.rgb.jpg/600x600bb.jpg
s_i_had_some_help,"Post Malone, Morgan Wallen",F-1 Trillion,I Had Some Help,96,178000,True,0.64,0.85,4,-4.9,1,0.03,0.007,0.0,0.28,0.73,128.0,4,pop,https://is1-ssl.mzstatic.com/image/thumb/Music211/v4/84/df/b9/84dfb96b-27c8-4d40-4780-b65ff22790e4/24UMGIM50612.rgb.jpg/600x600bb.jpg
s_kesariya_05,"Arijit Singh, Pritam",Brahmāstra,Kesariya,96,268000,False,0.58,0.62,0,-7.4,1,0.035,0.48,0.0,0.1,0.45,95.0,4,romantic,https://is1-ssl.mzstatic.com/image/thumb/Music112/v4/9f/13/ca/9f13ca3b-e533-03e0-f19a-f0aaa774581d/196589311191.jpg/600x600bb.jpg
s_too_sweet_hozier,Hozier,Unheard,Too Sweet,96,251000,False,0.74,0.62,9,-6.3,0,0.04,0.03,0.0003,0.09,0.83,117.0,4,rock,https://is1-ssl.mzstatic.com/image/thumb/Music211/v4/98/80/95/98809581-4a0e-68a6-04de-b72492e35939/196871908191.jpg/600x600bb.jpg
s_all_of_me,John Legend,Love in the Future,All of Me,95,269000,False,0.42,0.26,8,-7.0,1,0.03,0.92,0.0,0.13,0.33,120.0,4,romantic,https://is1-ssl.mzstatic.com/image/thumb/Music125/v4/22/71/b9/2271b906-85b3-06ee-e611-489b91df0b73/886444160742.jpg/600x600bb.jpg
s_apna_bana_le,"Arijit Singh, Sachin-Jigar",Bhediya,Apna Bana Le,95,264000,False,0.58,0.6,3,-6.8,1,0.03,0.52,0.0,0.12,0.42,94.0,4,romantic,https://is1-ssl.mzstatic.com/image/thumb/Music122/v4/2e/0b/c0/2e0bc070-112f-a827-6ad8-6bc64f7caaff/840214460180.png/600x600bb.jpg
s_beautiful_things,Benson Boone,Fireworks & Rollerblades,Beautiful Things,95,180000,False,0.47,0.72,6,-5.5,1,0.06,0.14,0.0,0.1,0.31,105.0,4,rock,https://is1-ssl.mzstatic.com/image/thumb/Music116/v4/54/f4/92/54f49210-e260-b519-ebbd-f4f40ee710cd/054391342751.jpg/600x600bb.jpg
s_fortnight_swift,"Taylor Swift, Post Malone",THE TORTURED POETS DEPARTMENT,Fortnight,95,228000,False,0.5,0.39,11,-10.9,1,0.03,0.5,0.0001,0.09,0.26,96.0,4,pop,https://is1-ssl.mzstatic.com/image/thumb/Music221/v4/6b/7d/61/6b7d61e4-e6f1-83bc-d645-463aa06b33c4/24UMGIM29563.rgb.jpg/600x600bb.jpg
s_heeriye_jasleen,"Jasleen Royal, Arijit Singh",Heeriye,Heeriye,95,194000,False,0.65,0.58,1,-6.5,1,0.035,0.62,0.0,0.11,0.58,96.0,4,romantic,https://is1-ssl.mzstatic.com/image/thumb/Music116/v4/f0/8c/2a/f08c2aeb-3903-8738-d0a5-8c2e4547eed7/5054197711039.jpg/600x600bb.jpg
s_in_the_end_09,Linkin Park,Hybrid Theory,In The End,95,216000,False,0.55,0.86,3,-5.9,0,0.05,0.01,0.0,0.21,0.4,105.0,4,rock,https://is1-ssl.mzstatic.com/image/thumb/Music115/v4/53/a7/7f/53a77fab-c54c-a57b-8130-248fc12d0c80/093624948995.jpg/600x600bb.jpg
s_kun_faya_kun,"A.R. Rahman, Mohit Chauhan, Javed Ali",Rockstar,Kun Faya Kun,95,473000,False,0.48,0.52,7,-8.4,1,0.03,0.71,0.001,0.13,0.35,110.0,4,soundtrack,https://is1-ssl.mzstatic.com/image/thumb/Music115/v4/56/ac/41/56ac41f7-99f3-3eae-3b07-443167292c4e/8902894697408_cover.jpg/600x600bb.jpg
s_lose_control_tswims,Teddy Swims,I've Tried Everything But Therapy (Part 1),Lose Control,95,210000,False,0.58,0.6,4,-6.8,0,0.03,0.18,0.0,0.11,0.35,160.0,3,romantic,https://is1-ssl.mzstatic.com/image/thumb/Music126/v4/36/19/66/36196640-1561-dc5e-c6bc-1e5f4befa583/093624856771.jpg/600x600bb.jpg
s_million_dollar_baby,Tommy Richman,MILLION DOLLAR BABY,MILLION DOLLAR BABY,95,155000,False,0.85,0.69,1,-5.1,1,0.05,0.09,0.001,0.22,0.93,138.0,4,hip-hop,https://is1-ssl.mzstatic.com/image/thumb/Music221/v4/5c/e7/39/5ce73933-8f42-1095-e84b-0caec311f54b/24CRGIM43010.rgb.jpg/600x600bb.jpg
s_numb_linkin_park,Linkin Park,Meteora,Numb,95,187000,False,0.5,0.86,6,-4.2,0,0.04,0.005,0.0,0.64,0.24,110.0,4,rock,https://is1-ssl.mzstatic.com/image/thumb/Music115/v4/13/44/05/134405bd-9e27-a678-8953-b5f724201f95/093624948988.jpg/600x600bb.jpg
s_perfect_08,Ed Sheeran,÷ (Divide),Perfect,95,263000,False,0.6,0.45,8,-6.3,1,0.02,0.16,0.0,0.11,0.17,95.0,3,romantic,https://is1-ssl.mzstatic.com/image/thumb/Music115/v4/15/e6/e8/15e6e8a4-4190-6a8b-86c3-ab4a51b88288/190295851286.jpg/600x600bb.jpg
7MXVkk9YM5Zm0v4wNsANvd,"The Weeknd, Daft Punk",Starboy,Starboy,95,230453,True,0.68,0.59,7,-7.0,1,0.27,0.14,8e-05,0.13,0.48,186.0,4,trending,https://is1-ssl.mzstatic.com/image/thumb/Music115/v4/b5/92/bb/b592bb72-52e3-e756-9b26-9f56d08f47ab/16UMGIM67864.rgb.jpg/600x600bb.jpg
s_tum_hi_ho_07,"Arijit Singh, Mithoon",Aashiqui 2,Tum Hi Ho,95,262000,False,0.44,0.58,3,-8.2,1,0.03,0.56,0.001,0.09,0.34,92.0,4,romantic,https://is1-ssl.mzstatic.com/image/thumb/Music221/v4/bb/23/ee/bb23eeed-0c35-4f1d-2b11-485622777ae4/8902894353007_cover.jpg/600x600bb.jpg
s_yellow_coldplay,Coldplay,Parachutes,Yellow,95,269000,False,0.43,0.66,11,-7.2,1,0.03,0.002,0.0001,0.23,0.38,87.0,4,rock,https://is1-ssl.mzstatic.com/image/thumb/Music221/v4/f5/93/8c/f5938c49-964c-31d1-4b33-78b634f71fb7/190295978075.jpg/600x600bb.jpg
s_anti_hero_swift,Taylor Swift,Midnights,Anti-Hero,94,200000,False,0.64,0.64,4,-6.5,1,0.05,0.13,0.0,0.2,0.53,97.0,4,pop,https://is1-ssl.mzstatic.com/image/thumb/Music112/v4/3d/01/f2/3d01f2e5-5a08-835f-3d30-d031720b2b80/22UM1IM07364.rgb.jpg/600x600bb.jpg
s_blank_space,Taylor Swift,1989 (Taylor's Version),Blank Space,94,231000,False,0.75,0.68,5,-5.4,1,0.06,0.09,0.0,0.09,0.58,96.0,4,pop,https://is1-ssl.mzstatic.com/image/thumb/Music221/v4/a7/98/d8/a798d867-344d-2bf2-fbfe-d2d1412dcef8/14UMDIM03793.rgb.jpg/600x600bb.jpg
s_brown_munde_ap,"AP Dhillon, Gurinder Gill, Shinda Kahlon",Brown Munde,Brown Munde,94,267000,False,0.82,0.72,8,-5.1,0,0.11,0.18,0.0,0.1,0.65,98.0,4,hip-hop,https://is1-ssl.mzstatic.com/image/thumb/Music211/v4/26/a3/ac/26a3ac64-69e4-95ec-80ab-1f5a477537d2/859742042973_cover.jpg/600x600bb.jpg
s_channa_mereya,"Arijit Singh, Pritam",Ae Dil Hai Mushkil,Channa Mereya,94,289000,False,0.46,0.54,8,-7.8,1,0.03,0.52,0.0,0.12,0.39,90.0,4,romantic,https://is1-ssl.mzstatic.com/image/thumb/Music221/v4/bc/6e/4d/bc6e4d0c-adec-b431-7b60-16f5689f9664/886446201597.jpg/600x600bb.jpg
s_espresso_01,Sabrina Carpenter,Short n' Sweet,Espresso,94,175000,False,0.72,0.75,9,-6.2,1,0.05,0.12,0.0001,0.11,0.78,118.0,4,trending,https://is1-ssl.mzstatic.com/image/thumb/Music211/v4/57/e8/7b/57e87ba0-5057-9bb9-c247-ce7dbe426e89/24UMGIM55213.rgb.jpg/600x600bb.jpg
s_flowers_miley,Miley Cyrus,Endless Summer Vacation,Flowers,94,200000,False,0.75,0.68,0,-4.3,1,0.06,0.06,0.0,0.03,0.65,118.0,4,pop,https://is1-ssl.mzstatic.com/image/thumb/Music126/v4/8c/67/ff/8c67ff91-31c3-3fef-1884-ce3ec89f3af4/196589946874.jpg/600x600bb.jpg
7KXGik0p3m1p0F2A9vK3b,Kendrick Lamar,DAMN.,HUMBLE.,94,177000,True,0.9,0.62,1,-6.6,0,0.1,0.0003,5e-05,0.09,0.42,150.0,4,hip-hop,https://is1-ssl.mzstatic.com/image/thumb/Music112/v4/ab/16/ef/ab16efe9-e7f1-66ec-021c-5592a23f0f9e/17UMGIM88793.rgb.jpg/600x600bb.jpg
s_husn_anuv_jain,Anuv Jain,Husn,Husn,94,219000,False,0.48,0.38,0,-9.1,1,0.03,0.88,0.0001,0.1,0.28,102.0,4,romantic,https://is1-ssl.mzstatic.com/image/thumb/Music211/v4/ef/46/82/ef4682f1-d607-ad6b-441c-280cfc45f252/057914348520.png/600x600bb.jpg
s_jai_ho_ar,"A.R. Rahman, Sukhwinder Singh",Slumdog Millionaire,Jai Ho,94,319000,False,0.67,0.89,1,-5.1,1,0.08,0.18,0.0002,0.15,0.82,130.0,4,soundtrack,https://is1-ssl.mzstatic.com/image/thumb/Music125/v4/a8/92/ca/a892ca65-89ae-7ce3-ce08-e5aef83cfd11/00602527009230.rgb.jpg/600x600bb.jpg
s_kill_bill_sza,SZA,SOS,Kill Bill,94,153000,False,0.9,0.73,8,-5.7,1,0.04,0.05,0.0001,0.16,0.42,118.0,4,pop,https://is1-ssl.mzstatic.com/image/thumb/Music122/v4/bd/3b/a9/bd3ba9fb-9609-144f-bcfe-ead67b5f6ab3/196589564931.jpg/600x600bb.jpg
s_lose_yourself_em,Eminem,8 Mile Soundtrack,Lose Yourself,94,326000,True,0.69,0.74,2,-4.6,1,0.26,0.01,0.0004,0.36,0.06,171.0,4,hip-hop,https://is1-ssl.mzstatic.com/image/thumb/Music125/v4/08/23/fc/0823fcd9-cb44-695b-32bf-b3bf51d9f800/00606949351229.rgb.jpg/600x600bb.jpg
s_lover_ts,Taylor Swift,Lover,Lover,94,221000,False,0.36,0.54,7,-7.6,1,0.09,0.49,0.0,0.12,0.45,69.0,3,romantic,https://is1-ssl.mzstatic.com/image/thumb/Music125/v4/49/3d/ab/493dab54-f920-9043-6181-80993b8116c9/19UMGIM53909.rgb.jpg/600x600bb.jpg
s_lover_diljit,Diljit Dosanjh,MoonChild Era,Lover,94,198000,False,0.74,0.79,6,-4.8,0,0.04,0.12,0.0,0.14,0.75,105.0,4,pop,https://is1-ssl.mzstatic.com/image/thumb/Music126/v4/8a/89/e4/8a89e445-d2c6-f8ac-a828-27818b0c1afe/859749638209_cover.jpg/600x600bb.jpg
s_maan_meri_jaan_king,King,Champagne Talk,Maan Meri Jaan,94,194000,False,0.68,0.54,1,-8.2,0,0.045,0.35,0.0,0.1,0.38,96.0,4,romantic,https://is1-ssl.mzstatic.com/image/thumb/Music126/v4/a1/54/be/a154be36-2ba3-a22a-4064-c3d78f910c11/5054197602184.jpg/600x600bb.jpg
s_one_dance_drake,"Drake, WizKid, Kyla",Views,One Dance,94,173000,False,0.79,0.62,1,-5.6,1,0.05,0.008,0.002,0.07,0.37,104.0,4,hip-hop,https://is1-ssl.mzstatic.com/image/thumb/Music115/v4/f2/0d/8b/f20d8bff-a927-ae98-6784-20a1f51cb23e/16UMGIM27642.rgb.jpg/600x600bb.jpg
s_satranga_animal,"Arijit Singh, Shreyas Puranik",Animal,Satranga,94,271000,False,0.45,0.52,6,-7.5,1,0.035,0.58,0.0001,0.09,0.3,88.0,4,romantic,https://is1-ssl.mzstatic.com/image/thumb/Music126/v4/db/ad/5e/dbad5e8b-0bee-d962-92d4-021c90e375ac/8902894362092_cover.jpg/600x600bb.jpg
s_save_your_tears,The Weeknd,After Hours,Save Your Tears,94,215000,False,0.68,0.82,0,-5.4,1,0.05,0.02,0.0001,0.54,0.64,118.0,4,pop,https://is1-ssl.mzstatic.com/image/thumb/Music124/v4/83/3a/f7/833af71b-2e0c-3303-24f5-8f5c546c073b/20UMGIM21167.rgb.jpg/600x600bb.jpg
s_sunflower_post_malone,"Post Malone, Swae Lee",Spider-Man: Into the Spider-Verse,Sunflower,94,158000,False,0.76,0.48,2,-8.7,1,0.05,0.55,0.0,0.07,0.91,90.0,4,soundtrack,https://is1-ssl.mzstatic.com/image/thumb/Music125/v4/4b/30/2c/4b302cb6-7a14-5464-4e97-0577e9d0be49/18UMGIM82277.rgb.jpg/600x600bb.jpg
s_thinking_out_loud,Ed Sheeran,x (Multiply),Thinking Out Loud,94,281000,False,0.78,0.44,2,-6.0,1,0.03,0.47,0.0,0.19,0.59,79.0,4,romantic,https://is1-ssl.mzstatic.com/image/thumb/Music125/v4/2d/36/f9/2d36f9a7-2c3e-ce0f-7fb6-036feecb221f/825646974450.jpg/600x600bb.jpg
s_viva_la_vida,Coldplay,Viva La Vida,Viva La Vida,94,242000,False,0.49,0.62,5,-6.8,1,0.03,0.1,0.0,0.15,0.42,138.0,4,rock,https://is1-ssl.mzstatic.com/image/thumb/Music115/v4/52/aa/85/52aa851f-15b7-6322-f91f-df84b15b7b19/190295978044.jpg/600x600bb.jpg
s_vampire_rodrigo,Olivia Rodrigo,GUTS,vampire,94,219000,True,0.51,0.53,5,-5.7,1,0.05,0.17,0.0,0.17,0.32,138.0,4,pop,https://is1-ssl.mzstatic.com/image/thumb/Music116/v4/9e/0d/17/9e0d17e0-c068-fbd9-fd85-610cc87c86aa/23UMGIM71511.rgb.jpg/600x600bb.jpg
s_all_the_stars,"Kendrick Lamar, SZA",Black Panther The Album,All The Stars,93,232000,False,0.7,0.63,10,-4.9,1,0.05,0.06,0.0,0.17,0.55,97.0,4,hip-hop,https://is1-ssl.mzstatic.com/image/thumb/Music112/v4/4d/16/55/4d165549-3d11-86dc-fcbf-be7fe0bcadfb/18UMGIM00002.rgb.jpg/600x600bb.jpg
s_believer_10,Imagine Dragons,Evolve,Believer,93,204000,False,0.77,0.78,1,-4.3,0,0.13,0.06,0.0,0.08,0.67,125.0,4,rock,https://is1-ssl.mzstatic.com/image/thumb/Music126/v4/11/7a/b8/117ab805-6811-8929-18b9-0fad7baf0c25/17UMGIM98210.rgb.jpg/600x600bb.jpg
s_closer_chainsmokers,"The Chainsmokers, Halsey",Collage,Closer,93,245000,False,0.75,0.52,8,-5.6,1,0.03,0.41,0.0,0.1,0.66,95.0,4,pop,https://is1-ssl.mzstatic.com/image/thumb/Music125/v4/41/f8/38/41f8380b-9b56-d5d4-31f7-a6411c0c9aaa/886446102054.jpg/600x600bb.jpg
s_die_for_you_weeknd,The Weeknd,Starboy,Die For You,93,260000,False,0.58,0.52,1,-7.2,0,0.07,0.11,0.0,0.13,0.51,134.0,4,romantic,https://is1-ssl.mzstatic.com/image/thumb/Music115/v4/e2/61/f8/e261f8c1-73db-9a7a-c89e-1068f19970e0/16UMGIM67863.rgb.jpg/600x600bb.jpg
s_do_i_wanna_know,Arctic Monkeys,AM,Do I Wanna Know?,93,272000,False,0.55,0.55,5,-7.5,1,0.03,0.17,0.0003,0.18,0.41,85.0,4,rock,https://is1-ssl.mzstatic.com/image/thumb/Music211/v4/69/9c/b5/699cb5d6-115c-ff73-9d26-e57ea4350d72/887828031795.png/600x600bb.jpg
s_dont_start_now,Dua Lipa,Future Nostalgia,Don't Start Now,93,183000,False,0.79,0.79,11,-4.5,0,0.08,0.01,0.0,0.1,0.68,124.0,4,pop,https://is1-ssl.mzstatic.com/image/thumb/Music116/v4/41/ee/66/41ee66fa-f8dd-7e82-155a-3a1b360dc562/190295322175.jpg/600x600bb.jpg
s_dont_stop_me_now,Queen,Jazz,Don't Stop Me Now,93,209000,False,0.56,0.87,5,-5.3,1,0.17,0.05,0.0001,0.78,0.6,156.0,4,rock,https://is1-ssl.mzstatic.com/image/thumb/Music115/v4/4d/08/2a/4d082a9e-7898-1aa1-a02f-339810058d9e/14DMGIM05632.rgb.jpg/600x600bb.jpg
s_fein_travis_scott,"Travis Scott, Playboi Carti",UTOPIA,FE!N,93,192000,True,0.77,0.88,5,-2.8,1,0.06,0.04,0.0,0.15,0.2,148.0,4,hip-hop,https://is1-ssl.mzstatic.com/image/thumb/Music126/v4/7d/4f/94/7d4f9468-56e1-3a2d-7186-c8088170ef58/196871341899.jpg/600x600bb.jpg
s_fix_you_coldplay,Coldplay,X&Y,Fix You,93,295000,False,0.21,0.42,3,-8.9,1,0.03,0.16,0.001,0.11,0.12,138.0,4,rock,https://is1-ssl.mzstatic.com/image/thumb/Music115/v4/0c/82/48/0c8248a8-4a5b-d30d-8056-f32d650d2fc9/190295978068.jpg/600x600bb.jpg
s_gerua_pritam,"Arijit Singh, Antara Mitra, Pritam",Dilwale,Gerua,93,345000,False,0.52,0.64,1,-6.9,1,0.03,0.45,0.0,0.1,0.4,94.0,4,romantic,https://is1-ssl.mzstatic.com/image/thumb/Music221/v4/dd/c8/ee/ddc8ee1d-baeb-0c8b-383f-1eb21bd172c2/886445593280.jpg/600x600bb.jpg
s_hawayein_pritam,"Arijit Singh, Pritam",Jab Harry Met Sejal,Hawayein,93,290000,False,0.5,0.55,6,-7.5,1,0.035,0.53,0.0,0.09,0.38,92.0,4,romantic,https://is1-ssl.mzstatic.com/image/thumb/Music211/v4/41/aa/e3/41aae321-0a81-2762-e0eb-c60844109fe7/886446683584.jpg/600x600bb.jpg
s_heat_waves_ga,Glass Animals,Dreamland,Heat Waves,93,238000,False,0.76,0.52,11,-6.9,1,0.09,0.44,0.0,0.09,0.53,81.0,4,pop,https://is1-ssl.mzstatic.com/image/thumb/Music115/v4/da/8b/77/da8b7731-6f4f-eacf-5e74-8b23389eefa1/20UMGIM03371.rgb.jpg/600x600bb.jpg
s_ilahi_pritam,"Pritam, Mohit Chauhan",Yeh Jawaani Hai Deewani,Ilahi,93,229000,False,0.65,0.85,7,-5.1,1,0.04,0.15,0.0,0.14,0.82,130.0,4,soundtrack,https://is1-ssl.mzstatic.com/image/thumb/Music125/v4/62/d6/74/62d67432-0670-631f-db6a-d4bac3adae4b/8902894353328_cover.jpg/600x600bb.jpg
s_just_the_way_you_are,Bruno Mars,Doo-Wops & Hooligans,Just the Way You Are,93,220000,False,0.64,0.84,5,-5.4,1,0.04,0.01,0.0,0.09,0.43,109.0,4,romantic,https://is1-ssl.mzstatic.com/image/thumb/Music114/v4/52/b1/45/52b1452b-229e-78db-231b-7b43fa0077cc/075679956491.jpg/600x600bb.jpg
s_levitating_14,Dua Lipa,Future Nostalgia,Levitating,93,203000,False,0.7,0.83,6,-3.8,0,0.06,0.01,0.0,0.07,0.91,103.0,4,pop,https://is1-ssl.mzstatic.com/image/thumb/Music116/v4/6c/11/d6/6c11d681-aa3a-d59e-4c2e-f77e181026ab/190295092665.jpg/600x600bb.jpg
s_locked_out_of_heaven,Bruno Mars,Unorthodox Jukebox,Locked Out of Heaven,93,233000,False,0.73,0.7,5,-4.3,1,0.04,0.05,0.0,0.31,0.87,144.0,4,pop,https://is1-ssl.mzstatic.com/image/thumb/Music115/v4/e0/a4/7c/e0a47c6f-005a-9f9f-ce29-8e858e2bcfcb/075679957283.jpg/600x600bb.jpg
s_photograph_es,Ed Sheeran,x (Multiply),Photograph,93,258000,False,0.61,0.38,4,-10.4,1,0.04,0.61,0.0002,0.13,0.2,108.0,4,romantic,https://is1-ssl.mzstatic.com/image/thumb/Music125/v4/2d/36/f9/2d36f9a7-2c3e-ce0f-7fb6-036feecb221f/825646974450.jpg/600x600bb.jpg
s_rolling_in_the_deep,Adele,21,Rolling in the Deep,93,228000,False,0.73,0.77,8,-4.8,1,0.03,0.13,0.0,0.05,0.52,105.0,4,pop,https://is1-ssl.mzstatic.com/image/thumb/Music221/v4/eb/ca/25/ebca2596-cd1e-b295-91a3-771c868d0a79/191404113868.png/600x600bb.jpg
s_smells_like_teen_spirit,Nirvana,Nevermind,Smells Like Teen Spirit,93,301000,False,0.5,0.91,1,-4.5,1,0.07,0.0,0.0005,0.11,0.72,117.0,4,rock,https://is1-ssl.mzstatic.com/image/thumb/Music115/v4/c6/3f/ca/c63fca7a-9db2-8873-ea55-c54d7285a216/00602527779089.rgb.jpg/600x600bb.jpg
s_snooze_sza,SZA,SOS,Snooze,93,201000,True,0.56,0.55,5,-7.2,0,0.13,0.14,0.0,0.11,0.39,143.0,4,romantic,https://is1-ssl.mzstatic.com/image/thumb/Music123/v4/29/4f/73/294f738a-e902-8698-4447-f584e0303102/196589552198.jpg/600x600bb.jpg
s_someone_like_you,Adele,21,Someone Like You,93,285000,False,0.38,0.33,9,-8.2,1,0.03,0.89,0.0,0.1,0.28,135.0,4,romantic,https://is1-ssl.mzstatic.com/image/thumb/Music221/v4/eb/ca/25/ebca2596-cd1e-b295-91a3-771c868d0a79/191404113868.png/600x600bb.jpg
s_sweater_weather,The Neighbourhood,I Love You.,Sweater Weather,93,240000,False,0.61,0.81,10,-2.8,1,0.03,0.05,0.017,0.1,0.4,124.0,4,rock,https://is1-ssl.mzstatic.com/image/thumb/Music126/v4/28/71/00/287100fb-5c31-0195-5343-e6b3625886d0/886443969834.jpg/600x600bb.jpg
s_tere_bina_ar,"A.R. Rahman, Chinmayi",Guru,Tere Bina,93,309000,False,0.54,0.62,4,-7.8,1,0.04,0.62,0.0001,0.1,0.48,94.0,4,romantic,https://is1-ssl.mzstatic.com/image/thumb/Music211/v4/8d/8c/69/8d8c697e-f108-9e69-0cb1-475b45ab26a8/886970389020.jpg/600x600bb.jpg
s_the_scientist,Coldplay,A Rush of Blood to the Head,The Scientist,93,309000,False,0.56,0.44,5,-7.2,1,0.02,0.73,0.0,0.11,0.22,146.0,4,romantic,https://is1-ssl.mzstatic.com/image/thumb/Music115/v4/b9/b4/2a/b9b42ad1-1e25-5096-da43-497a247e69a3/190295978051.jpg/600x600bb.jpg
602h3f2n4k5j6l1a,Hans Zimmer,Inception (Music from the Motion Picture),Time,93,275000,False,0.18,0.45,7,-13.5,1,0.03,0.88,0.96,0.09,0.08,68.0,4,soundtrack,https://is1-ssl.mzstatic.com/image/thumb/Music221/v4/2b/62/eb/2b62ebd7-aa99-988a-0fee-714162f6fbeb/093624965008.jpg/600x600bb.jpg
s_wake_me_up_avicii,Avicii,True,Wake Me Up,93,247000,False,0.53,0.78,11,-5.7,1,0.05,0.003,0.001,0.16,0.64,124.0,4,pop,https://is1-ssl.mzstatic.com/image/thumb/Music211/v4/18/5b/1e/185b1ef5-5d97-19d8-aebf-8e29e41874ef/13UAAIM59255.rgb.jpg/600x600bb.jpg
s_watermelon_sugar,Harry Styles,Fine Line,Watermelon Sugar,93,174000,False,0.55,0.82,0,-4.2,1,0.05,0.12,0.0,0.34,0.56,95.0,4,pop,https://is1-ssl.mzstatic.com/image/thumb/Music115/v4/2b/c4/c9/2bc4c9d4-3bc6-ab13-3f71-df0b89b173de/886448022213.jpg/600x600bb.jpg
s_without_me_em,Eminem,The Eminem Show,Without Me,93,290000,True,0.91,0.67,7,-2.8,0,0.07,0.003,0.0,0.24,0.66,112.0,4,hip-hop,https://is1-ssl.mzstatic.com/image/thumb/Music118/v4/dd/5c/e6/dd5ce621-f7d2-f767-7a08-e7a7eaa7870b/00602537526994.rgb.jpg/600x600bb.jpg
s_drivers_license_or,Olivia Rodrigo,SOUR,drivers license,93,242000,True,0.56,0.43,10,-8.8,1,0.06,0.77,0.0,0.11,0.13,144.0,4,romantic,https://is1-ssl.mzstatic.com/image/thumb/Music115/v4/02/ed/8c/02ed8cab-c089-2fdd-7ce6-ab334a9a4e19/21UMGIM26093.rgb.jpg/600x600bb.jpg
s_good_4_u_or,Olivia Rodrigo,SOUR,good 4 u,93,178000,True,0.56,0.66,6,-5.0,1,0.15,0.33,0.0,0.08,0.69,166.0,4,rock,https://is1-ssl.mzstatic.com/image/thumb/Music115/v4/76/46/48/76464884-0e9c-1951-a3f6-ce02f74c2b19/21UMGIM26093.rgb.jpg/600x600bb.jpg
s_505_arctic_monkeys,Arctic Monkeys,Favourite Worst Nightmare,505,92,253000,False,0.41,0.85,0,-5.7,1,0.05,0.002,0.0006,0.07,0.23,140.0,4,rock,https://is1-ssl.mzstatic.com/image/thumb/Music124/v4/82/90/14/829014ad-a301-62ab-bee6-f4cca4457411/mzi.hozudery.jpg/600x600bb.jpg
4cOdK2wGLETKBW3PvgPWqT,Hans Zimmer,Interstellar (Original Motion Picture Soundtrack),Cornfield Chase,92,127000,False,0.28,0.65,9,-11.2,0,0.035,0.82,0.94,0.11,0.15,130.0,4,soundtrack,https://is1-ssl.mzstatic.com/image/thumb/Music125/v4/f4/5b/73/f45b735a-8d7a-9713-b217-0f8e1593c28b/794043201943.jpg/600x600bb.jpg
s_demons_dragons,Imagine Dragons,Night Visions,Demons,92,177000,False,0.5,0.71,3,-3.0,1,0.03,0.19,0.0,0.33,0.43,90.0,4,rock,https://is1-ssl.mzstatic.com/image/thumb/Music112/v4/1f/fa/09/1ffa092f-f52f-4a66-7d10-4cc5982dc747/12UMGIM46901.rgb.jpg/600x600bb.jpg
s_dreams_fleetwood,Fleetwood Mac,Rumours,Dreams,92,257000,False,0.83,0.49,0,-9.7,1,0.03,0.14,0.005,0.13,0.79,120.0,4,rock,https://is1-ssl.mzstatic.com/image/thumb/Music115/v4/d2/48/f4/d248f4ae-a7e4-a48e-1588-6617de3e8d76/mzi.izeorbmm.jpg/600x600bb.jpg
s_get_lucky_dp,"Daft Punk, Pharrell Williams",Random Access Memories,Get Lucky,92,369000,False,0.79,0.81,11,-9.7,0,0.04,0.04,5e-05,0.1,0.86,116.0,4,pop,https://is1-ssl.mzstatic.com/image/thumb/Music115/v4/e8/43/5f/e8435ffa-b6b9-b171-40ab-4ff3959ab661/886443919266.jpg/600x600bb.jpg
s_gods_plan_18,Drake,Scorpion,God's Plan,92,198000,True,0.75,0.45,7,-9.2,1,0.11,0.03,0.0,0.55,0.36,77.0,4,hip-hop,https://is1-ssl.mzstatic.com/image/thumb/Music115/v4/bb/6d/8f/bb6d8f67-6d04-10b5-dd62-eb5809ac54fc/00602567879152.rgb.jpg/600x600bb.jpg
s_greedy_03,Tate McRae,THINK LATER,Greedy,92,131000,False,0.75,0.73,1,-3.2,0,0.08,0.09,0.0005,0.14,0.84,111.0,4,trending,https://is1-ssl.mzstatic.com/image/thumb/Music116/v4/21/4a/c2/214ac20c-a66c-84a1-e357-f7e60b1932ca/196871542661.jpg/600x600bb.jpg
s_pink_plus_white,Frank Ocean,Blonde,Pink + White,92,185000,False,0.55,0.55,9,-7.5,1,0.09,0.67,0.0003,0.21,0.55,160.0,3,romantic,https://is1-ssl.mzstatic.com/image/thumb/Music115/v4/bb/45/68/bb4568f3-68cd-619d-fbcb-4e179916545d/BlondCover-Final.jpg/600x600bb.jpg
s_raabta_as,"Arijit Singh, Pritam",Agent Vinod,Raabta,92,243000,False,0.55,0.59,5,-7.1,1,0.03,0.49,0.0001,0.11,0.42,96.0,4,romantic,https://is1-ssl.mzstatic.com/image/thumb/Music114/v4/dc/a5/46/dca54628-5ca4-148c-d5c3-6219abc886e1/8902894698825_cover.jpg/600x600bb.jpg
s_sicko_mode_17,"Travis Scott, Drake",ASTROWORLD,SICKO MODE,92,312000,True,0.83,0.73,8,-3.7,1,0.22,0.01,0.0,0.12,0.45,155.0,4,hip-hop,https://is1-ssl.mzstatic.com/image/thumb/Music125/v4/e7/49/8f/e7498f65-df8f-bead-d6e3-2a8d4d642a79/886447235317.jpg/600x600bb.jpg
s_senorita_12,"Shawn Mendes, Camila Cabello",Shawn Mendes (Deluxe),Señorita,92,191000,False,0.76,0.54,9,-6.0,0,0.03,0.04,0.0,0.09,0.75,117.0,4,pop,https://is1-ssl.mzstatic.com/image/thumb/Music125/v4/46/fe/4a/46fe4a39-feb4-7b8b-97b9-0187d49a46bd/19UMGIM53914.rgb.jpg/600x600bb.jpg
s_subhanallah_pritam,"Pritam, Sreerama Chandra, Shilpa Rao",Yeh Jawaani Hai Deewani,Subhanallah,92,249000,False,0.58,0.55,2,-7.5,1,0.03,0.55,0.0,0.11,0.48,94.0,4,romantic,https://is1-ssl.mzstatic.com/image/thumb/Music125/v4/62/d6/74/62d67432-0670-631f-db6a-d4bac3adae4b/8902894353328_cover.jpg/600x600bb.jpg
s_sweet_child_11,Guns N' Roses,Appetite for Destruction,Sweet Child O' Mine,92,356000,False,0.45,0.95,6,-7.7,1,0.06,0.09,0.01,0.12,0.67,125.0,4,rock,https://is1-ssl.mzstatic.com/image/thumb/Music125/v4/a0/4d/c4/a04dc484-03cc-02aa-fa82-5334fcb4bc16/18UMGIM24878.rgb.jpg/600x600bb.jpg
s_titi_me_pregunto,Bad Bunny,Un Verano Sin Ti,Tití Me Preguntó,92,243000,True,0.65,0.71,5,-5.1,0,0.25,0.1,0.0002,0.13,0.19,107.0,4,pop,https://is1-ssl.mzstatic.com/image/thumb/Music122/v4/ea/d8/50/ead8500e-33e0-286a-93c4-5b8f36606355/artwork.jpg/600x600bb.jpg
s_until_i_found_you,Stephen Sanchez,Easy On My Eyes,Until I Found You,92,177000,False,0.35,0.51,10,-6.1,1,0.03,0.74,0.0001,0.18,0.38,101.0,4,romantic,https://is1-ssl.mzstatic.com/image/thumb/Music115/v4/64/d2/c5/64d2c511-67f4-ae09-5153-d39c3da413a3/21UMGIM75467.rgb.jpg/600x600bb.jpg
s_wonderwall_oasis,Oasis,(What's the Story) Morning Glory?,Wonderwall,92,259000,False,0.38,0.89,2,-4.1,1,0.04,0.0006,0.0,0.19,0.47,175.0,4,rock,https://is1-ssl.mzstatic.com/image/thumb/Music113/v4/04/92/e0/0492e08b-cbcc-9969-9ad6-8f5a0888068c/5051961007107.jpg/600x600bb.jpg
2RlgJDK1er58UNfeK2q9Ac,Ludwig Göransson,Oppenheimer (Original Motion Picture Soundtrack),Can You Hear The Music,91,110000,False,0.32,0.78,2,-9.8,1,0.04,0.74,0.95,0.14,0.22,145.0,4,soundtrack,https://is1-ssl.mzstatic.com/image/thumb/Music116/v4/27/fa/ca/27faca2e-7f7a-cf17-ae3e-647294d52713/697.jpg/600x600bb.jpg
s_darmiyaan_04,"Shafqat Amanat Ali, Clinton Cerejo",Jodi Breakers,Darmiyaan,91,349000,False,0.42,0.68,4,-8.1,1,0.04,0.42,0.002,0.12,0.38,88.0,4,romantic,https://is1-ssl.mzstatic.com/image/thumb/Music18/v4/dc/53/46/dc534631-17ba-6932-250f-84dd558fc78e/8902894698481_cover.jpg/600x600bb.jpg
s_golden_hour_06,JVKE,this is what ____ feels like,Golden Hour,91,209000,False,0.48,0.59,4,-7.8,1,0.04,0.68,0.0005,0.13,0.32,94.0,4,romantic,https://is1-ssl.mzstatic.com/image/thumb/Music211/v4/8d/1a/7b/8d1a7b44-316f-7c7f-4380-935673fb697a/5056167175650.jpg/600x600bb.jpg
s_hotline_bling,Drake,Views,Hotline Bling,91,267000,False,0.89,0.62,2,-8.1,1,0.06,0.003,0.0001,0.05,0.55,135.0,4,hip-hop,https://is1-ssl.mzstatic.com/image/thumb/Music115/v4/f2/0d/8b/f20d8bff-a927-ae98-6784-20a1f51cb23e/16UMGIM27642.rgb.jpg/600x600bb.jpg
s_taste_sc,Sabrina Carpenter,Short n' Sweet,Taste,91,157000,True,0.69,0.84,4,-4.1,1,0.06,0.1,0.0,0.14,0.82,113.0,4,pop,https://is1-ssl.mzstatic.com/image/thumb/Music221/v4/f6/15/d0/f615d0ab-e0c4-575d-907e-1cc084642357/24UMGIM61704.rgb.jpg/600x600bb.jpg
s_cant_feel_my_face,The Weeknd,Beauty Behind the Madness,Can't Feel My Face,90,213000,False,0.7,0.77,9,-5.5,0,0.04,0.11,0.0,0.1,0.58,108.0,4,pop,https://is1-ssl.mzstatic.com/image/thumb/Music124/v4/30/05/1e/30051e57-a63a-3acc-4b30-42568293f5f7/15UMGIM36514.rgb.jpg/600x600bb.jpg
s_mountains_zimmer,Hans Zimmer,Interstellar (Original Motion Picture Soundtrack),Mountains,90,219000,False,0.24,0.72,9,-10.5,0,0.04,0.75,0.91,0.12,0.14,136.0,4,soundtrack,https://is1-ssl.mzstatic.com/image/thumb/Music125/v4/f4/5b/73/f45b735a-8d7a-9713-b217-0f8e1593c28b/794043201943.jpg/600x600bb.jpg
s_bad_guy_16,Billie Eilish,"WHEN WE ALL FALL ASLEEP, WHERE DO WE GO?",bad guy,90,194000,False,0.7,0.43,7,-10.9,1,0.38,0.33,0.13,0.1,0.56,135.0,4,pop,https://is1-ssl.mzstatic.com/image/thumb/Music115/v4/1a/37/d1/1a37d1b1-8508-54f2-f541-bf4e437dda76/19UMGIM05028.rgb.jpg/600x600bb.jpg
s_goosebumps_19,"Travis Scott, Kendrick Lamar",Birds in the Trap Sing McKnight,goosebumps,90,243000,True,0.84,0.73,7,-3.4,0,0.05,0.08,0.0,0.8,0.43,130.0,4,hip-hop,https://is1-ssl.mzstatic.com/image/thumb/Music114/v4/b8/e5/27/b8e527c8-aaf4-c7b7-5562-c479458ed7d9/886446092645.jpg/600x600bb.jpg
s_chevaliers_zimmer,Hans Zimmer,The Da Vinci Code Soundtrack,Chevaliers de Sangreal,89,247000,False,0.22,0.6,4,-11.0,0,0.03,0.79,0.92,0.1,0.11,120.0,4,soundtrack,https://is1-ssl.mzstatic.com/image/thumb/Music126/v4/12/f8/4f/12f84f20-200e-230d-de5f-ad1c890efc4a/06UMGIM19765.rgb.jpg/600x600bb.jpg
0xFvdj13x5m2H0V8pLz1A2,Kavinsky,OutRun,Nightcall,87,259000,False,0.58,0.69,0,-6.5,0,0.045,0.04,0.42,0.12,0.39,92.0,4,lo-fi,https://is1-ssl.mzstatic.com/image/thumb/Music125/v4/c1/2d/fe/c12dfe8f-cdf6-e179-d69a-8ec35f760266/00602537248681.rgb.jpg/600x600bb.jpg
1HNkqx9Ahdgi1Ixy2xkKkL,HOME,Odyssey,Resonance,86,212450,False,0.56,0.52,4,-9.4,1,0.029,0.08,0.89,0.09,0.45,85.0,4,lo-fi,https://is1-ssl.mzstatic.com/image/thumb/Music221/v4/98/75/dd/9875dd83-34f6-40ef-3987-fd13646409be/5034644208930_homeodyssey.jpg/600x600bb.jpg
bcdfgh1234567890,Tycho,Dive,A Walk,82,316000,False,0.62,0.55,9,-9.8,1,0.028,0.28,0.92,0.08,0.48,100.0,4,lo-fi,https://is1-ssl.mzstatic.com/image/thumb/Music125/v4/46/be/ed/46beed8a-5d0f-1077-cbeb-aace15e69f44/cover.jpg/600x600bb.jpg
lofi_04,Petit Biscuit,Presence,Sunset Lover,88,238000,False,0.72,0.44,6,-10.5,1,0.04,0.71,0.81,0.09,0.48,91.0,4,lo-fi,https://images.unsplash.com/photo-1509198397868-475647b2a1e5?w=500&auto=format&fit=crop&q=80
lofi_05,"Powfu, beabadoobee",poems of the past,death bed (coffee for your head),89,173000,False,0.73,0.43,8,-8.8,0,0.06,0.73,0.0,0.7,0.35,144.0,4,lo-fi,https://images.unsplash.com/photo-1493225457124-a3eb161ffa5f?w=500&auto=format&fit=crop&q=80
lofi_06,"Kina, Snøw",Things I Wanted To Tell You,Get You The Moon,87,179000,False,0.5,0.32,1,-14.2,1,0.04,0.79,0.01,0.12,0.19,119.0,4,lo-fi,https://images.unsplash.com/photo-1451187580459-43490279c0fa?w=500&auto=format&fit=crop&q=80
lofi_07,FKJ,Ylang Ylang EP,Ylang Ylang,86,214000,False,0.61,0.28,5,-13.1,0,0.04,0.92,0.91,0.1,0.22,72.0,4,lo-fi,https://images.unsplash.com/photo-1518709268805-4e9042af9f23?w=500&auto=format&fit=crop&q=80
lofi_08,Jinsang,Life,Affection,81,128000,False,0.69,0.35,3,-12.4,1,0.05,0.85,0.94,0.11,0.52,82.0,4,lo-fi,https://images.unsplash.com/photo-1509198397868-475647b2a1e5?w=500&auto=format&fit=crop&q=80
lofi_09,Kudasaibeats,Falling,The Girl I Haven't Met,82,184000,False,0.64,0.38,7,-11.9,1,0.04,0.81,0.88,0.09,0.33,78.0,4,lo-fi,https://images.unsplash.com/photo-1493225457124-a3eb161ffa5f?w=500&auto=format&fit=crop&q=80
lofi_10,Idealism,Rainy Evening,Controlla,80,146000,False,0.7,0.31,10,-12.8,1,0.05,0.88,0.92,0.1,0.41,80.0,4,lo-fi,https://is1-ssl.mzstatic.com/image/thumb/Music128/v4/21/53/7a/21537a7b-3b3b-85c1-3f4a-9ef8540b6167/859717757911_cover.jpg/600x600bb.jpg
trend_01,Billie Eilish,HIT ME HARD AND SOFT,BIRDS OF A FEATHER,98,196000,False,0.75,0.51,2,-10.2,1,0.04,0.2,0.05,0.12,0.44,105.0,4,trending,https://is1-ssl.mzstatic.com/image/thumb/Music211/v4/1b/ee/9d/1bee9d30-b30a-ae8c-4bfb-d0e82c5a085b/24UMGIM39088.rgb.jpg/600x600bb.jpg
trend_02,Sabrina Carpenter,Short n' Sweet,Please Please Please,97,186000,True,0.74,0.65,9,-6.2,1,0.05,0.27,0.0,0.11,0.67,133.0,4,trending,https://is1-ssl.mzstatic.com/image/thumb/Music211/v4/57/e8/7b/57e87ba0-5057-9bb9-c247-ce7dbe426e89/24UMGIM55213.rgb.jpg/600x600bb.jpg
trend_03,Hozier,Unheard,Too Sweet,96,251000,False,0.74,0.62,11,-6.4,0,0.04,0.03,0.0,0.1,0.82,117.0,4,trending,https://is1-ssl.mzstatic.com/image/thumb/Music112/v4/44/7a/ff/447aff87-e24c-e8a2-fec8-c44d18fa7b25/196871929318.jpg/600x600bb.jpg
trend_04,Taylor Swift,Lover,Cruel Summer,99,178000,False,0.55,0.7,9,-5.7,1,0.15,0.11,0.0,0.11,0.56,170.0,4,trending,https://is1-ssl.mzstatic.com/image/thumb/Music124/v4/58/b0/c6/58b0c611-cd75-39d7-862d-08477ffdd573/19UMGIM53909.rgb.jpg/600x600bb.jpg
trend_05,Dua Lipa,Radical Optimism,Houdini,93,185000,False,0.72,0.88,2,-3.8,0,0.06,0.02,0.01,0.12,0.88,117.0,4,trending,https://is1-ssl.mzstatic.com/image/thumb/Music126/v4/0d/bb/00/0dbb00f7-33bf-b580-b286-9dcff85390ca/5054197883204.jpg/600x600bb.jpg
score_01,Ludwig Göransson,Oppenheimer (Original Motion Picture Soundtrack),Can You Hear The Music,92,110000,False,0.28,0.72,7,-8.2,1,0.03,0.85,0.94,0.13,0.15,120.0,4,soundtrack,https://is1-ssl.mzstatic.com/image/thumb/Music116/v4/8e/31/3e/8e313e63-ebfe-5353-8d00-bb62512f4fa8/23UMGIM78065.rgb.jpg/600x600bb.jpg
score_02,Hans Zimmer,Interstellar (Original Motion Picture Soundtrack),Cornfield Chase,95,126000,False,0.22,0.65,9,-9.5,0,0.03,0.92,0.97,0.09,0.18,96.0,4,soundtrack,https://is1-ssl.mzstatic.com/image/thumb/Music115/v4/71/f5/ba/71f5bae5-5b43-2cb2-5eb3-dc28c25785f7/794043180489.jpg/600x600bb.jpg
score_03,Ludovico Einaudi,In A Time Lapse,Experience,91,315000,False,0.38,0.58,6,-11.0,0,0.03,0.94,0.96,0.11,0.14,130.0,4,soundtrack,https://is1-ssl.mzstatic.com/image/thumb/Music128/v4/31/6f/a6/316fa6ee-ef75-b684-2635-430fc5ae9114/00028947910039.rgb.jpg/600x600bb.jpg
score_04,"Hans Zimmer, Lisa Gerrard",Gladiator (Music From The Motion Picture),Now We Are Free,89,254000,False,0.32,0.44,4,-12.1,1,0.03,0.81,0.76,0.1,0.2,80.0,4,soundtrack,https://is1-ssl.mzstatic.com/image/thumb/Music128/v4/1e/30/84/1e3084bf-37e4-c2c3-42e5-4f4d1e2e1e07/00044006775024.rgb.jpg/600x600bb.jpg
score_05,Michael Giacchino,The Batman (Original Motion Picture Soundtrack),The Batman,85,407000,False,0.14,0.54,3,-10.8,0,0.03,0.88,0.95,0.11,0.06,110.0,4,soundtrack,https://is1-ssl.mzstatic.com/image/thumb/Music116/v4/eb/fa/d3/ebfad3eb-f326-8c08-0cb9-95a94d8d1e2a/794043209883.jpg/600x600bb.jpg
lofi_wys_snowman,WYS,1 Am. Study Session,Snowman,82,255000,False,0.65,0.28,5,-14.2,1,0.04,0.88,0.92,0.11,0.35,78.0,4,Lo-Fi,https://images.unsplash.com/photo-1518709268805-4e9042af9f23?w=500&auto=format&fit=crop&q=80
lofi_nujabes_feather,"Nujabes, Cise Starr",Modal Soul,Feather,88,175000,False,0.72,0.45,2,-10.5,0,0.08,0.74,0.65,0.14,0.62,94.0,4,Lo-Fi,https://images.unsplash.com/photo-1511671782779-c97d3d27a1d4?w=500&auto=format&fit=crop&q=80
lofi_bea_coffee,beabadoobee,Patched Up,Coffee,86,126000,False,0.68,0.22,7,-16.0,1,0.05,0.94,0.02,0.1,0.44,80.0,4,Lo-Fi,https://images.unsplash.com/photo-1514525253161-7a46d19cd819?w=500&auto=format&fit=crop&q=80
s_yaaron_kk,KK,Pal,Yaaron,95,278000,False,0.58,0.65,2,-6.5,1,0.035,0.32,0.0,0.12,0.72,118.0,4,friendship,https://is1-ssl.mzstatic.com/image/thumb/Music211/v4/d1/a8/4e/d1a84e5b-57f4-2a89-17b0-03d261c4f887/888880945709.jpg/600x600bb.jpg
s_give_me_sunshine,"Suraj Jagan, Sharman Joshi",3 Idiots,Give Me Some Sunshine,96,248000,False,0.52,0.55,4,-7.2,1,0.045,0.45,0.0,0.14,0.58,94.0,4,college,https://is1-ssl.mzstatic.com/image/thumb/Music211/v4/6e/99/7c/6e997cb1-1d80-3dc1-121d-53919ccace52/840214403941.png/600x600bb.jpg
s_safarnama_lucky,Lucky Ali,Tamasha,Safarnama,94,251000,False,0.64,0.62,7,-6.8,1,0.038,0.38,0.001,0.11,0.68,110.0,4,travel,https://is1-ssl.mzstatic.com/image/thumb/Music125/v4/cb/ac/67/cbac673a-9213-7118-bb4e-2440273afb03/8902894357470_cover.jpg/600x600bb.jpg
s_kabira_arijit,"Arijit Singh, Harshdeep Kaur",Yeh Jawaani Hai Deewani,Kabira,97,223000,False,0.61,0.58,9,-6.1,1,0.041,0.42,0.0,0.15,0.65,102.0,4,friendship,https://is1-ssl.mzstatic.com/image/thumb/Music125/v4/62/d6/74/62d67432-0670-631f-db6a-d4bac3adae4b/8902894353328_cover.jpg/600x600bb.jpg
s_tera_yaar_hoon_main,"Arijit Singh, Rochak Kohli",Sonu Ke Titu Ki Sweety,Tera Yaar Hoon Main,96,259000,False,0.55,0.59,1,-6.4,1,0.036,0.4,0.0,0.13,0.52,96.0,4,friendship,https://is1-ssl.mzstatic.com/image/thumb/Music115/v4/81/a5/b0/81a5b084-89f7-7ed8-372e-aefd67504922/8902894360074_cover.jpg/600x600bb.jpg
s_matargashti_mohit,Mohit Chauhan,Tamasha,Matargashti,95,328000,False,0.72,0.74,5,-5.2,1,0.048,0.22,0.0,0.18,0.82,124.0,4,travel,https://is1-ssl.mzstatic.com/image/thumb/Music125/v4/cb/ac/67/cbac673a-9213-7118-bb4e-2440273afb03/8902894357470_cover.jpg/600x600bb.jpg
s_dil_chahta_hai_track,Shankar Mahadevan,Dil Chahta Hai,Dil Chahta Hai,96,311000,False,0.68,0.76,7,-5.8,1,0.042,0.25,0.002,0.16,0.88,128.0,4,travel,https://is1-ssl.mzstatic.com/image/thumb/Music126/v4/2b/df/62/2bdf6213-3d11-5f01-cc5e-ddfcc15923b4/8902894114844_cover.jpg/600x600bb.jpg
